time,throughput_mbps
6,1.23836
7,6.2423
8,7.46291
9,6.84851
10,5.41491
11,6.26688
12,6.11123
