time,throughput_mbps
6,0.998059
7,5.99654
8,5.99654
9,5.50502
10,5.92282
11,6.46349
12,7.11066
