time,throughput_mbps,path
6,0.333141,DU1->CU1
7,1.99885,DU1->CU1
8,1.99885,DU1->CU1
9,1.99885,DU1->CU1
10,1.99885,DU1->CU1
11,1.99885,DU1->CU1
12,1.99885,DU1->CU1
